{"cameraMode":{"drawMode":0,"name":"Shaded","section":"Shading Mode"},"sceneLighting":true,"audioPlay":false,"sceneViewState":{"m_AlwaysRefresh":false,"showFog":true,"showSkybox":true,"showFlares":true,"showImageEffects":true,"showParticleSystems":true,"showVisualEffectGraphs":true,"m_FxEnabled":true},"in2DMode":false,"pivot":{"x":-1.0363166332244874,"y":1.471250057220459,"z":0.8464429378509522},"rotation":{"x":0.09328437596559525,"y":-0.7417461276054382,"z":0.10551369935274124,"w":0.6557241082191467},"size":1.674185872077942,"orthographic":false}