{"cameraMode":{"drawMode":0,"name":"Shaded","section":"Shading Mode"},"sceneLighting":true,"audioPlay":false,"sceneViewState":{"m_AlwaysRefresh":false,"showFog":true,"showSkybox":true,"showFlares":true,"showImageEffects":true,"showParticleSystems":true,"showVisualEffectGraphs":true,"m_FxEnabled":true},"in2DMode":false,"pivot":{"x":-15.15494155883789,"y":15.383074760437012,"z":20.42523956298828},"rotation":{"x":0.003592007327824831,"y":0.665286660194397,"z":-0.0031944564543664457,"w":0.7465672492980957},"size":5.287621021270752,"orthographic":false}