{"cameraMode":{"drawMode":0,"name":"Shaded","section":"Shading Mode"},"sceneLighting":true,"audioPlay":false,"sceneViewState":{"m_AlwaysRefresh":false,"showFog":true,"showSkybox":true,"showFlares":true,"showImageEffects":true,"showParticleSystems":true,"showVisualEffectGraphs":true,"m_FxEnabled":true},"in2DMode":false,"pivot":{"x":-8.83615779876709,"y":12.754644393920899,"z":-21.253097534179689},"rotation":{"x":0.2215852290391922,"y":0.058237724006175998,"z":-0.013166538439691067,"w":0.9734570384025574},"size":0.7141428589820862,"orthographic":false}